<?xml version="1.0" encoding="UTF-8"?>
<project-private xmlns="http://www.netbeans.org/ns/project-private/1">
    <editor-bookmarks xmlns="http://www.netbeans.org/ns/editor-bookmarks/2" lastBookmarkId="0"/>
    <open-files xmlns="http://www.netbeans.org/ns/projectui-open-files/2">
        <group>
            <file>file:/Users/greg/Documents/web/cakephp/app/View/Accounts/halloffame.ctp</file>
            <file>file:/Users/greg/Documents/web/cakephp/app/View/Accounts/index.ctp</file>
            <file>file:/Users/greg/Documents/web/cakephp/app/View/Accounts/addgathering.ctp</file>
            <file>file:/Users/greg/Documents/web/cakephp/app/Console/cake.php</file>
            <file>file:/Users/greg/Documents/web/cakephp/app/View/Layouts/flash.ctp</file>
            <file>file:/Users/greg/Documents/web/cakephp/app/index.php</file>
            <file>file:/Users/greg/Documents/web/cakephp/app/Model/Gathering.php</file>
            <file>file:/Users/greg/Documents/web/cakephp/app/Config/bootstrap.php</file>
            <file>file:/Users/greg/Documents/web/cakephp/app/Model/Results.php</file>
            <file>file:/Users/greg/Documents/web/cakephp/app/View/Apis/registerobject.ctp</file>
            <file>file:/Users/greg/Documents/web/cakephp/app/Controller/AccountsController.php</file>
            <file>file:/Users/greg/Documents/web/cakephp/app/Controller/PagesController.php</file>
            <file>file:/Users/greg/Documents/web/cakephp/app/Console/cake</file>
            <file>file:/Users/greg/Documents/web/cakephp/app/Model/Device.php</file>
            <file>file:/Users/greg/Documents/web/cakephp/app/View/Accounts/addresults.ctp</file>
            <file>file:/Users/greg/Documents/web/cakephp/app/Config/acl.ini.php</file>
            <file>file:/Users/greg/Documents/web/cakephp/app/View/Accounts/addMember.ctp</file>
            <file>file:/Users/greg/Documents/web/cakephp/app/Config/database.php</file>
            <file>file:/Users/greg/Documents/web/cakephp/app/View/Accounts/modifymember.ctp</file>
            <file>file:/Users/greg/Documents/web/cakephp/app/Model/AppModel.php</file>
            <file>file:/Users/greg/Documents/web/cakephp/app/View/Layouts/ajax.ctp</file>
            <file>file:/Users/greg/Documents/web/cakephp/app/Config/email.php.default</file>
            <file>file:/Users/greg/Documents/web/cakephp/app/View/Accounts/adddevice.ctp</file>
            <file>file:/Users/greg/Documents/web/cakephp/app/Controller/AppController.php</file>
            <file>file:/Users/greg/Documents/web/cakephp/app/View/Accounts/validatedevice.ctp</file>
            <file>file:/Users/greg/Documents/web/cakephp/app/View/Accounts/myresults.ctp</file>
            <file>file:/Users/greg/Documents/web/cakephp/app/Config/core.php</file>
            <file>file:/Users/greg/Documents/web/cakephp/app/View/Layouts/error.ctp</file>
            <file>file:/Users/greg/Documents/web/cakephp/app/Config/routes.php</file>
            <file>file:/Users/greg/Documents/web/cakephp/app/View/Accounts/myprofile.ctp</file>
            <file>file:/Users/greg/Documents/web/cakephp/app/Controller/ApisController.php</file>
        </group>
    </open-files>
</project-private>
